[
    {"video": "5 receitas saudáveis para o almoço", "ts": "2021-01-01 12:00:00.000Z", "author": "eduardo_b", "comment": "Já fiz a primeira receita, ficou perfeita.", "id": "384682e9-f9ed-4359-b3cd-0cf8c948bd48"},
    {"video": "Review do iPhone 15", "ts": "2023-01-01 12:00:00.000Z", "author": "catarina_a", "comment": "O iPhone 15 parece ótimo, mas o preço é salgado!", "id": "9a706191-107e-45f4-bc74-d9de34c6d929"},
    {"video": "Treino em casa para iniciantes", "ts": "2024-01-01 12:00:00.000Z", "author": "pedro_p", "comment": "Ótimo treino! Muito fácil de seguir.", "id": "6479f6ae-ecd8-4afc-ae72-85068d0e6e2a"},
    {"video": "DIY: Faça sua própria estante", "ts": "2022-01-01 12:00:00.000Z", "author": "maria_f", "comment": "O resultado ficou incrível! Muito prático.", "id": "608e5ebc-50f1-466f-9798-756cdb9aab51"},
    {"video": "Viagem a Paris", "ts": "2022-01-01 12:00:00.000Z", "author": "ines_g", "comment": "Paris é realmente incrível, ótimas dicas.", "id": "65f898a7-3cfe-47a6-b32c-182d76154489"},
    {"video": "Desafio 24 horas sem celular", "ts": "2022-01-01 12:00:00.000Z", "author": "carlos_t", "comment": "Não consigo imaginar minha vida sem celular por 24h, haha!", "id": "8a3e489b-d1a4-47fa-bcd8-eedf8d3ec019"},
    {"video": "Unboxing: PlayStation 5", "ts": "2023-01-01 12:00:00.000Z", "author": "nuno_s", "comment": "Preciso de um desses na minha vida!", "id": "fd34dc8e-d058-4699-b6ce-81fe086c7134"},
    {"video": "Dicas para economizar dinheiro", "ts": "2023-01-01 12:00:00.000Z", "author": "david_r", "comment": "Essas dicas realmente funcionam. Valeu!", "id": "d7c17b5f-47cc-4558-8eb4-0edb0a52eb8f"},
    {"video": "Os jogos mais esperados de 2024", "ts": "2023-01-01 12:00:00.000Z", "author": "joana_b", "comment": "Estou muito ansiosa pelo novo Zelda!", "id": "ed0eef93-dc40-4427-8e66-fd0a5a9fcfd3"},
    {"video": "Yoga para iniciantes", "ts": "2017-01-01 12:00:00.000Z", "author": "jl", "comment": "Me senti muito relaxado após tentar os exercícios.", "id": "009909c2-7631-45d4-83d1-51fa6c54a86e"},
    {"video": "Histórias assustadoras para contar à noite", "ts": "2020-01-01 12:00:00.000Z", "author": "ana_s", "comment": "Fiquei com medo de dormir depois dessas histórias!", "id": "75ef671c-4e69-42e9-9d65-ebf705192760"},
    {"video": "Cuidado com plantas em casa", "ts": "2022-01-01 12:00:00.000Z", "author": "pedro_p", "comment": "Minhas plantas estão finalmente saudáveis. Obrigado!", "id": "ee0e6953-4bba-499b-b09f-069040713176"},
    {"video": "Truques de mágica impressionantes", "ts": "2022-01-01 12:00:00.000Z", "author": "lucia_n", "comment": "Aprendi o truque do baralho, todo mundo adorou!", "id": "04ebe5e4-8698-4fdd-8a0d-9f19a6170802"},
    {"video": "Como montar um PC Gamer", "ts": "2021-01-01 12:00:00.000Z", "author": "paulo_m", "comment": "Vou seguir o passo a passo. Muito obrigado!", "id": "1ceb0ffe-a544-4a9a-894f-7fe191ab3d4e"},
    {"video": "Rotina da manhã produtiva", "ts": "2023-01-01 12:00:00.000Z", "author": "rita_c", "comment": "Essas dicas realmente me ajudaram a ser mais produtiva.", "id": "ec4c449f-24cf-4fc3-ad98-20a063cdc540"},
    {"video": "Top 10 filmes de ação", "ts": "2024-01-01 12:00:00.000Z", "author": "maria_f", "comment": "Adorei as sugestões! Já assisti 3 da lista.", "id": "b668564d-324b-45af-a8fa-532b4e85f597"},
    {"video": "Top 10 filmes de ação", "ts": "2023-01-01 12:00:00.000Z", "author": "rita_c", "comment": "Já assisti 3 da lista.", "id": "aefc53dd-a388-44d3-a478-841e52e91654"},
    {"video": "Top 10 filmes de ação", "ts": "2022-01-01 12:00:00.000Z", "author": "lucia_n", "comment": "Gostei muito.", "id": "30664330-27c8-49e0-b2a5-c5d168551ac6"},
    {"video": "Top 10 filmes de ação", "ts": "2021-01-01 12:00:00.000Z", "author": "eduardo_b", "comment": "Adorei o vídeo", "id": "e6277279-4e19-4ba5-a424-e65d6bb2b7e4"},
    {"video": "Top 10 filmes de ação", "ts": "2020-01-01 12:00:00.000Z", "author": "nuno_s", "comment": "Adorei as sugestões!", "id": "0528b4fe-a894-4b30-9725-b5c91d436cd4"},
    {"video": "Tour pela minha casa", "ts": "2024-01-01 12:00:00.000Z", "author": "rita_c", "comment": "Que casa linda! Amei a decoração.", "id": "b9396a71-3925-4dec-827e-12e459ef5a65"}

]