[
    {"user": "ana_s", "video": "Viagem a Paris", "timestamp_event": "2024-01-01 12:00:00.000Z", "moment_event": 30, "type": "pause"},
    {"user": "ines_g", "video": "Top 10 filmes de ação", "timestamp_event": "2024-01-01 12:00:00.000Z", "moment_event": 90, "type": "stop"},
    {"user": "rita_c", "video": "5 receitas saudáveis para o almoço", "timestamp_event": "2024-01-01 12:00:00.000Z", "moment_event": 180, "type": "stop"},
    {"user": "rita_c", "video": "Dicas para economizar dinheiro", "timestamp_event": "2024-01-01 12:00:00.000Z", "moment_event": 190, "type": "play"},
    {"user": "paulo_m", "video": "Tour pela minha casa", "timestamp_event": "2024-01-01 12:00:00.000Z", "moment_event": 100, "type": "play"},
    {"user": "paulo_m", "video": "Tour pela minha casa", "timestamp_event": "2024-01-01 12:01:00.000Z", "moment_event": 104, "type": "pause"},
    {"user": "paulo_m", "video": "Tour pela minha casa", "timestamp_event": "2024-01-01 12:02:00.000Z", "moment_event": 120, "type": "play"},
    {"user": "paulo_m", "video": "Tour pela minha casa", "timestamp_event": "2024-01-01 12:03:00.000Z", "moment_event": 210, "type": "pause"},
    {"user": "paulo_m", "video": "Tour pela minha casa", "timestamp_event": "2024-01-01 12:04:00.000Z", "moment_event": 240, "type": "play"},
    {"user": "paulo_m", "video": "Tour pela minha casa", "timestamp_event": "2024-01-01 12:05:00.000Z", "moment_event": 270, "type": "stop"},
    {"user": "jl", "video": "Dicas para economizar dinheiro", "timestamp_event": "2024-01-01 12:00:00.000Z", "moment_event": 60, "type": "stop"},
    {"user": "jl", "video": "Top 10 filmes de ação", "timestamp_event": "2024-01-01 12:00:00.000Z", "moment_event": 80, "type": "pause"},
    {"user": "jl", "video": "Yoga para iniciantes", "timestamp_event": "2024-01-01 12:00:00.000Z", "moment_event": 200, "type": "play"},
    {"user": "eduardo_b", "video": "5 receitas saudáveis para o almoço", "timestamp_event": "2024-01-01 12:00:00.000Z", "moment_event": 10, "type": "play"},
    {"user": "carlos_t", "video": "Como montar um PC Gamer", "timestamp_event": "2024-01-01 12:00:00.000Z", "moment_event": 210, "type": "stop"},
    {"user": "carlos_t", "video": "Treino em casa para iniciantes", "timestamp_event": "2024-01-01 12:00:00.000Z", "moment_event": 200, "type": "stop"},
    {"user": "catarina_a", "video": "Review do iPhone 15", "timestamp_event": "2024-01-01 12:00:00.000Z", "moment_event": 300, "type": "play"},
    {"user": "catarina_a", "video": "Viagem a Paris", "timestamp_event": "2024-01-01 12:00:00.000Z", "moment_event": 220, "type": "play"},
    {"user": "nuno_s", "video": "Como montar um PC Gamer", "timestamp_event": "2024-01-01 12:00:00.000Z", "moment_event": 120, "type": "stop"},
    {"user": "tiago_l", "video": "Review do iPhone 15", "timestamp_event": "2024-01-01 12:00:00.000Z", "moment_event": 100, "type": "pause"},
    {"user": "david_r", "video": "Os jogos mais esperados de 2024", "timestamp_event": "2024-01-01 12:00:00.000Z", "moment_event": 110, "type": "pause"},
    {"user": "lucia_n", "video": "Tour pela minha casa", "timestamp_event": "2024-01-01 12:00:00.000Z", "moment_event": 150, "type": "pause"},
    {"user": "lucia_n", "video": "Yoga para iniciantes", "timestamp_event": "2024-01-01 12:00:00.000Z", "moment_event": 90, "type": "pause"},
    {"user": "joana_b", "video": "Os jogos mais esperados de 2024", "timestamp_event": "2024-01-01 12:00:00.000Z", "moment_event": 90, "type": "play"},
    {"user": "joana_b", "video": "Treino em casa para iniciantes", "timestamp_event": "2024-01-01 12:00:00.000Z", "moment_event": 50, "type": "pause"},
    {"user": "pedro_p", "video": "Histórias assustadoras para contar à noite", "timestamp_event": "2024-01-01 12:00:00.000Z", "moment_event": 50, "type": "stop"}
]