[
    {"video": "5 receitas saudáveis para o almoço", "followers": ["carlos_t", "david_r", "rita_c"]},
    {"video": "Review do iPhone 15", "followers": ["ana_s", "joana_b", "maria_f"]},
    {"video": "Treino em casa para iniciantes", "followers": ["carlos_t", "joana_b", "rita_c"]},
    {"video": "Fotografia com celular", "followers": ["joana_b", "maria_f", "pedro_p"]},
    {"video": "Melhores livros de 2024", "followers": ["joana_b", "maria_f", "paulo_m"]},
    {"video": "Viagem a Paris", "followers": ["ana_s", "catarina_a", "pedro_p"]},
    {"video": "Top 5 aplicativos para organizar sua vida", "followers": ["joana_b", "pedro_p", "rita_c"]},
    {"video": "Unboxing: PlayStation 5", "followers": ["ana_s", "pedro_p", "tiago_l"]},
    {"video": "Como aprender inglês sozinho", "followers": ["ines_g", "jl", "lucia_n"]},
    {"video": "Viagem de comboio pela Europa", "followers": ["carlos_t", "eduardo_b", "nuno_s"]},
    {"video": "Dicas para economizar dinheiro", "followers": ["jl", "paulo_m", "rita_c"]},
    {"video": "Os jogos mais esperados de 2024", "followers": ["david_r", "joana_b", "lucia_n"]},
    {"video": "Yoga para iniciantes", "followers": ["eduardo_b", "nuno_s", "paulo_m"]},
    {"video": "Corridas de drones", "followers": ["ines_g", "jl", "lucia_n"]},
    {"video": "Como fazer um scrapbook", "followers": ["ana_s", "lucia_n", "tiago_l"]},
    {"video": "Histórias assustadoras para contar à noite", "followers": ["ana_s", "joana_b", "pedro_p"]},
    {"video": "Cuidado com plantas em casa", "followers": ["carlos_t", "ines_g", "maria_f"]},
    {"video": "Truques de mágica impressionantes", "followers": ["ines_g", "jl", "lucia_n"]},
    {"video": "Como montar um PC Gamer", "followers": ["carlos_t", "eduardo_b", "nuno_s"]},
    {"video": "Rotina da manhã produtiva", "followers": ["david_r", "ines_g", "lucia_n"]},
    {"video": "Gadgets úteis para o dia a dia", "followers": ["carlos_t", "eduardo_b", "nuno_s"]},
    {"video": "5 lugares para visitar em Portugal", "followers": ["ana_s", "rita_c", "tiago_l"]},
    {"video": "Top 10 filmes de ação", "followers": ["david_r", "ines_g", "jl"]},
    {"video": "Cozinha prática para solteiros", "followers": ["catarina_a", "david_r", "paulo_m"]},
    {"video": "Tour pela minha casa", "followers": ["catarina_a", "lucia_n", "paulo_m"]}
]