[
    {"video": "5 receitas saudáveis para o almoço", "ts": "2024-01-01 12:05:00.000Z", "rating": 2},
    {"video": "Review do iPhone 15", "ts": "2024-01-01 12:05:00.000Z", "rating": 5},
    {"video": "Treino em casa para iniciantes", "ts": "2024-01-01 12:05:00.000Z", "rating": 4},
    {"video": "Treino em casa para iniciantes", "ts": "2023-01-01 12:05:00.000Z", "rating": 3},
    {"video": "Treino em casa para iniciantes", "ts": "2022-01-01 12:05:00.000Z", "rating": 5},
    {"video": "Fotografia com celular", "ts": "2024-01-01 12:05:00.000Z", "rating": 5},
    {"video": "Melhores livros de 2024", "ts": "2024-01-01 12:05:00.000Z", "rating": 1},
    {"video": "Viagem a Paris", "ts": "2023-01-01 12:05:00.000Z", "rating": 4},
    {"video": "Viagem a Paris", "ts": "2022-01-01 12:05:00.000Z", "rating": 4},
    {"video": "Viagem a Paris", "ts": "2024-01-01 12:05:00.000Z", "rating": 5},
    {"video": "Top 5 aplicativos para organizar sua vida", "ts": "2024-01-01 12:05:00.000Z", "rating": 5},
    {"video": "Unboxing: PlayStation 5", "ts": "2024-01-01 12:05:00.000Z", "rating": 5},
    {"video": "Como aprender inglês sozinho", "ts": "2024-01-01 12:05:00.000Z", "rating": 3},
    {"video": "Viagem de comboio pela Europa", "ts": "2024-01-01 12:05:00.000Z", "rating": 5},
    {"video": "Dicas para economizar dinheiro", "ts": "2024-01-01 12:05:00.000Z", "rating": 5},
    {"video": "Os jogos mais esperados de 2024", "ts": "2024-01-01 12:05:00.000Z", "rating": 3},
    {"video": "Yoga para iniciantes", "ts": "2024-01-01 12:05:00.000Z", "rating": 2},
    {"video": "Corridas de drones", "ts": "2024-01-01 12:05:00.000Z", "rating": 3},
    {"video": "Como fazer um scrapbook", "ts": "2024-01-01 12:05:00.000Z", "rating": 3},
    {"video": "Histórias assustadoras para contar à noite", "ts": "2024-01-01 12:05:00.000Z", "rating": 4},
    {"video": "Cuidado com plantas em casa", "ts": "2024-01-01 12:05:00.000Z", "rating": 3},
    {"video": "Truques de mágica impressionantes", "ts": "2024-01-01 12:05:00.000Z", "rating": 3},
    {"video": "Como montar um PC Gamer", "ts": "2024-01-01 12:05:00.000Z", "rating": 4},
    {"video": "Como montar um PC Gamer", "ts": "2023-01-01 12:05:00.000Z", "rating": 5},
    {"video": "Como montar um PC Gamer", "ts": "2022-01-01 12:05:00.000Z", "rating": 2},
    {"video": "Rotina da manhã produtiva", "ts": "2024-01-01 12:05:00.000Z", "rating": 4},
    {"video": "Gadgets úteis para o dia a dia", "ts": "2024-01-01 12:05:00.000Z", "rating": 1},
    {"video": "5 lugares para visitar em Portugal", "ts": "2024-01-01 12:05:00.000Z", "rating": 4},
    {"video": "Top 10 filmes de ação", "ts": "2023-01-01 12:05:00.000Z", "rating": 5},
    {"video": "Top 10 filmes de ação", "ts": "2022-01-01 12:05:00.000Z", "rating": 4},
    {"video": "Top 10 filmes de ação", "ts": "2024-01-01 12:05:00.000Z", "rating": 5},
    {"video": "Cozinha prática para solteiros", "ts": "2024-01-01 12:05:00.000Z", "rating": 4},
    {"video": "Tour pela minha casa", "ts": "2024-01-01 12:05:00.000Z", "rating": 4}
]