[
    {"name": "5 receitas saudáveis para o almoço", "upload_timestamp": "2024-01-01 12:00:00.000Z", "description": "Ideias rápidas e saudáveis para o dia a dia", "id": "1ae60fe3-fcd9-43db-8e26-6d5a42a5182c", "share_author": "catarina_a", "tag": ["Culinária", "Receitas", "Saudável"]},
    {"name": "Review do iPhone 15", "upload_timestamp": "2024-01-01 12:00:00.000Z", "description": "Uma análise completa do novo lançamento da Apple", "id": "59f5f7dc-4f97-474a-a54d-8e968ddc69ca", "share_author": "tiago_l", "tag": ["Review", "Tecnologia", "iPhone"]},
    {"name": "Treino em casa para iniciantes", "upload_timestamp": "2024-01-01 12:00:00.000Z", "description": "Treino rápido e fácil para quem está começando", "id": "bd75211c-12c2-4346-a1c0-a7a21a13d95e", "share_author": "ana_s", "tag": ["Fitness", "Saúde", "Treino"]},
    {"name": "Fotografia com celular", "upload_timestamp": "2024-01-01 12:00:00.000Z", "description": "Como tirar fotos incríveis com seu smartphone", "id": "12a5bd5d-3581-4573-82e9-0d7a5b07bcb6", "share_author": "paulo_m", "tag": ["Celular", "Dicas", "Fotografia"]},
    {"name": "Melhores livros de 2024", "upload_timestamp": "2024-01-01 12:00:00.000Z", "description": "Recomendações de leitura imperdíveis", "id": "c2cb6c2e-539d-4593-af96-4817b4da14ae", "share_author": "nuno_s", "tag": ["2024", "Livros", "Recomendações"]},
    {"name": "Viagem a Paris", "upload_timestamp": "2024-01-01 12:00:00.000Z", "description": "Dicas e experiências incríveis na cidade luz", "id": "2d13f3e7-5fa0-42d2-8e16-dc572c86f355", "share_author": "paulo_m", "tag": ["Paris", "Viagem", "Vlogs"]},
    {"name": "Top 5 aplicativos para organizar sua vida", "upload_timestamp": "2024-01-01 12:00:00.000Z", "description": "Ferramentas que ajudam na produtividade", "id": "e9d53740-fa60-447c-989b-f2fc00dc7d8b", "share_author": "eduardo_b", "tag": ["Apps", "Produtividade", "Tecnologia"]},
    {"name": "Desafio 24 horas sem celular", "upload_timestamp": "2024-01-01 12:00:00.000Z", "description": "Como foi passar um dia inteiro sem usar o celular", "id": "f796cbcc-3bc8-4402-90d3-513e467e5ef7", "share_author": "joana_b", "tag": ["Desafios", "Lifestyle", "Tecnologia"]},
    {"name": "Unboxing: PlayStation 5", "upload_timestamp": "2024-01-01 12:00:00.000Z", "description": "Primeiras impressões do novo console", "id": "a319a152-435c-41c3-8743-d1f5a1ad3a1d", "share_author": "rita_c", "tag": ["Games", "Tecnologia", "Unboxing"]},
    {"name": "Como aprender inglês sozinho", "upload_timestamp": "2024-01-01 12:00:00.000Z", "description": "Dicas práticas para aprender inglês em casa", "id": "dfee70e2-918c-4759-bc7e-8f676424e09b", "share_author": "joana_b", "tag": ["Educação", "Idiomas", "Inglês"]},
    {"name": "Viagem de comboio pela Europa", "upload_timestamp": "2024-01-01 12:00:00.000Z", "description": "Explorando a Europa de comboio", "id": "4b08a7d5-db4c-4b07-9b36-83e985a5f8e8", "share_author": "catarina_a", "tag": ["Europa", "Viagem"]},
    {"name": "Dicas para economizar dinheiro", "upload_timestamp": "2024-01-01 12:00:00.000Z", "description": "Truques simples para melhorar sua vida financeira", "id": "0f797fdb-cce1-4301-b320-3c3c426f6168", "share_author": "carlos_t", "tag": ["Dicas", "Economia", "Finanças"]},
    {"name": "Os jogos mais esperados de 2024", "upload_timestamp": "2024-01-01 12:00:00.000Z", "description": "Uma análise dos lançamentos mais aguardados", "id": "ae255e3e-e8a6-4df3-83ed-e23de13a6e4c", "share_author": "nuno_s", "tag": ["2024", "Games", "Lançamentos"]},
    {"name": "Yoga para iniciantes", "upload_timestamp": "2024-01-01 12:00:00.000Z", "description": "Exercícios simples para relaxar e melhorar a postura", "id": "31d5c3c7-14d6-4dd8-bf63-cb782fac8bdc", "share_author": "lucia_n", "tag": ["Relaxamento", "Saúde", "Yoga"]},
    {"name": "Corridas de drones", "upload_timestamp": "2024-01-01 12:00:00.000Z", "description": "Uma experiência emocionante com drones de corrida", "id": "7762ccba-82b3-4e99-ab70-6fac819e30d6", "share_author": "tiago_l", "tag": ["Corridas", "Drones", "Tecnologia"]},
    {"name": "Como fazer um scrapbook", "upload_timestamp": "2024-01-01 12:00:00.000Z", "description": "Dicas para criar um álbum personalizado", "id": "a7e7bde8-996e-4cd5-826b-53fc40e539d2", "share_author": "lucia_n", "tag": ["Artesanato", "DIY", "Scrapbook"]},
    {"name": "Histórias assustadoras para contar à noite", "upload_timestamp": "2024-01-01 12:00:00.000Z", "description": "Histórias de terror para assustar seus amigos", "id": "c23200de-cae3-447e-8314-3f117f164478", "share_author": "jl", "tag": ["Histórias", "Noite", "Terror"]},
    {"name": "Cuidado com plantas em casa", "upload_timestamp": "2024-01-01 12:00:00.000Z", "description": "Dicas para manter suas plantas sempre saudáveis", "id": "63678593-d4ce-40f6-92a1-4c40800ffa6a", "share_author": "ana_s", "tag": ["Cuidado", "Natureza", "Plantas"]},
    {"name": "Truques de mágica impressionantes", "upload_timestamp": "2024-01-01 12:00:00.000Z", "description": "Aprenda truques simples que impressionam", "id": "7600d7e8-d2dc-41d9-8286-dab30201e39d", "share_author": "eduardo_b", "tag": ["Diversão", "Mágica", "Truques"]},
    {"name": "Como montar um PC Gamer", "upload_timestamp": "2024-01-01 12:00:00.000Z", "description": "Passo a passo para montar seu computador dos sonhos", "id": "e10b1243-5d99-45d7-9dd8-b8ab0ff0b886", "share_author": "david_r", "tag": ["PC Gamer", "Tecnologia", "Tutorial"]},
    {"name": "Rotina da manhã produtiva", "upload_timestamp": "2024-01-01 12:00:00.000Z", "description": "Como organizar seu dia para ser mais produtivo", "id": "45f826a9-ac01-4968-ac28-10bb0ade457c", "share_author": "maria_f", "tag": ["Motivação", "Produtividade", "Rotina"]},
    {"name": "Gadgets úteis para o dia a dia", "upload_timestamp": "2024-01-01 12:00:00.000Z", "description": "Tecnologia que facilita sua vida", "id": "f18130bb-643c-4e54-a1af-2ccba7774a73", "share_author": "carlos_t", "tag": ["Gadgets", "Tecnologia", "Utilidade"]},
    {"name": "5 lugares para visitar em Portugal", "upload_timestamp": "2024-01-01 12:00:00.000Z", "description": "Destinos turísticos incríveis pelo país", "id": "ebe94f68-f6d9-41bf-a752-7d4251b9ba27", "share_author": "david_r", "tag": ["Dicas", "Portugal", "Viagem"]},
    {"name": "Top 10 filmes de ação", "upload_timestamp": "2024-01-01 12:00:00.000Z", "description": "Uma lista incrível dos melhores filmes de ação de todos os tempos", "id": "0e9b086c-781e-4943-956b-034371764a69", "share_author": "pedro_p", "tag": ["Ação", "Filmes", "Listas"]},
    {"name": "Cozinha prática para solteiros", "upload_timestamp": "2024-01-01 12:00:00.000Z", "description": "Receitas rápidas para quem mora sozinho", "id": "f071b9de-b4df-4550-a7fa-18e52b57bead", "share_author": "ines_g", "tag": ["Culinária", "Prática", "Solteiros"]},
    {"name": "Tour pela minha casa", "upload_timestamp": "2024-01-01 12:00:00.000Z", "description": "Mostrando a decoração e organização da minha casa", "id": "4b6241ff-82fd-418c-9868-c2c4ac16cdc8", "share_author": "maria_f", "tag": ["Decoração", "Lifestyle", "Vlogs"]}

]